employee_id,first_name,last_name,department,hire_date
1,Emp1,Last1,Finance,2012-04-22
2,Emp2,Last2,Marketing,2019-02-21
3,Emp3,Last3,HR,2014-02-04
4,Emp4,Last4,HR,2018-07-05
5,Emp5,Last5,Marketing,2010-02-05
6,Emp6,Last6,Finance,2017-10-19
7,Emp7,Last7,HR,2019-06-06
8,Emp8,Last8,Finance,2018-08-07
9,Emp9,Last9,Sales,2017-04-27
10,Emp10,Last10,Marketing,2014-08-19
11,Emp11,Last11,Finance,2014-05-17
12,Emp12,Last12,Engineering,2016-12-06
13,Emp13,Last13,Finance,2010-11-07
14,Emp14,Last14,Finance,2018-03-07
15,Emp15,Last15,HR,2012-08-03
16,Emp16,Last16,Finance,2021-08-14
17,Emp17,Last17,HR,2012-11-03
18,Emp18,Last18,Engineering,2022-12-26
19,Emp19,Last19,Sales,2017-03-31
20,Emp20,Last20,Sales,2011-04-08
21,Emp21,Last21,Engineering,2011-09-10
22,Emp22,Last22,Marketing,2021-10-29
23,Emp23,Last23,Finance,2013-05-10
24,Emp24,Last24,HR,2016-03-04
25,Emp25,Last25,Marketing,2012-08-13
26,Emp26,Last26,Finance,2014-03-10
27,Emp27,Last27,Marketing,2021-03-28
28,Emp28,Last28,HR,2014-03-18
29,Emp29,Last29,HR,2023-11-23
30,Emp30,Last30,Finance,2016-05-06
31,Emp31,Last31,Engineering,2012-01-27
32,Emp32,Last32,HR,2023-11-04
33,Emp33,Last33,Finance,2013-05-22
34,Emp34,Last34,Engineering,2015-04-29
35,Emp35,Last35,Marketing,2014-10-19
36,Emp36,Last36,Sales,2020-11-28
37,Emp37,Last37,Sales,2018-05-23
38,Emp38,Last38,Marketing,2014-06-13
39,Emp39,Last39,Sales,2012-04-18
40,Emp40,Last40,Marketing,2023-03-04
41,Emp41,Last41,Marketing,2021-01-11
42,Emp42,Last42,Marketing,2011-11-28
43,Emp43,Last43,Engineering,2020-04-23
44,Emp44,Last44,Finance,2014-10-25
45,Emp45,Last45,Marketing,2023-01-25
46,Emp46,Last46,Marketing,2017-01-11
47,Emp47,Last47,Sales,2015-03-31
48,Emp48,Last48,Finance,2020-01-04
49,Emp49,Last49,Marketing,2012-03-25
50,Emp50,Last50,Sales,2015-02-01
51,Emp51,Last51,Marketing,2012-03-01
52,Emp52,Last52,Finance,2011-04-21
53,Emp53,Last53,Sales,2023-01-03
54,Emp54,Last54,HR,2014-01-19
55,Emp55,Last55,HR,2013-07-31
56,Emp56,Last56,HR,2023-04-09
57,Emp57,Last57,Marketing,2011-01-08
58,Emp58,Last58,HR,2016-03-24
59,Emp59,Last59,HR,2015-01-23
60,Emp60,Last60,Engineering,2017-12-15
61,Emp61,Last61,Finance,2012-10-14
62,Emp62,Last62,Sales,2021-07-12
63,Emp63,Last63,Marketing,2019-10-17
64,Emp64,Last64,Sales,2015-02-09
65,Emp65,Last65,Sales,2014-12-16
66,Emp66,Last66,Finance,2011-06-30
67,Emp67,Last67,Engineering,2015-09-24
68,Emp68,Last68,Marketing,2012-02-14
69,Emp69,Last69,HR,2015-12-28
70,Emp70,Last70,Finance,2017-09-12
71,Emp71,Last71,HR,2017-12-02
72,Emp72,Last72,Engineering,2022-11-25
73,Emp73,Last73,Marketing,2021-01-13
74,Emp74,Last74,HR,2021-01-11
75,Emp75,Last75,Sales,2020-02-24
76,Emp76,Last76,Finance,2022-10-21
77,Emp77,Last77,Finance,2011-10-18
78,Emp78,Last78,Sales,2011-03-27
79,Emp79,Last79,Marketing,2016-07-02
80,Emp80,Last80,Marketing,2023-08-15
81,Emp81,Last81,Engineering,2015-04-04
82,Emp82,Last82,Marketing,2017-08-31
83,Emp83,Last83,Finance,2012-04-05
84,Emp84,Last84,Sales,2015-05-22
85,Emp85,Last85,Engineering,2020-06-08
86,Emp86,Last86,Marketing,2015-08-13
87,Emp87,Last87,Engineering,2019-12-24
88,Emp88,Last88,Sales,2018-01-25
89,Emp89,Last89,Marketing,2014-03-23
90,Emp90,Last90,HR,2014-10-16
91,Emp91,Last91,Sales,2021-04-01
92,Emp92,Last92,HR,2013-06-10
93,Emp93,Last93,Finance,2020-01-31
94,Emp94,Last94,Sales,2019-04-08
95,Emp95,Last95,Engineering,2023-10-22
96,Emp96,Last96,Marketing,2022-11-17
97,Emp97,Last97,Engineering,2020-02-13
98,Emp98,Last98,Marketing,2019-05-04
99,Emp99,Last99,HR,2018-01-22
100,Emp100,Last100,HR,2012-04-14
